{
    "Movies": {
        "Iteration_1": {
            "best_params": {
                "embed_dim": 64,
                "num_heads": 4,
                "depth": 4,
                "dropout": 0.2802889839445619,
                "lr": 0.002978993007612882,
                "batch_size": 16,
                "epochs": 25
            },
            "train_mse": 3753921032678879.5,
            "train_r2": 0.022436711317168956,
            "test_mse": 3963713727002207.0,
            "test_r2": 0.042838918330507014
        },
        "Iteration_2": {
            "best_params": {
                "embed_dim": 64,
                "num_heads": 8,
                "depth": 3,
                "dropout": 0.30432610902365465,
                "lr": 0.001356477350579035,
                "batch_size": 64,
                "epochs": 15
            },
            "train_mse": 3748910760008920.5,
            "train_r2": 0.023741442712903127,
            "test_mse": 3978508609407134.5,
            "test_r2": 0.03926623709739896
        }
    }
}